epoch,time,train/box_loss,train/cls_loss,train/dfl_loss,metrics/precision(B),metrics/recall(B),metrics/mAP50(B),metrics/mAP50-95(B),val/box_loss,val/cls_loss,val/dfl_loss,lr/pg0,lr/pg1,lr/pg2
1,102.579,1.41774,1.97815,1.92827,0.00536,0.90164,0.04292,0.01146,2.43424,3.16022,3.5902,0.091,0.001,0.001
2,185.884,1.19868,1.19105,1.55835,0.00402,0.52459,0.00399,0.00084,3.74292,5.55628,4.78109,0.0806842,0.0016842,0.0016842
3,264.739,1.16587,1.00492,1.5541,0.1061,0.91803,0.12769,0.06084,1.45609,26.8142,2.51364,0.0699328,0.0019328,0.0019328
4,358.612,1.10816,0.9366,1.50143,0.08171,0.91803,0.09409,0.05211,1.48597,25.284,2.65599,0.0587458,0.0017458,0.0017458
5,428.993,1.04786,0.89712,1.42237,0.47493,0.7541,0.56051,0.2945,1.49999,6.97469,2.17325,0.0471232,0.0011232,0.0011232
